Date,Trump_Lead,Is_Harris
01-Sep-2021,5.9664413343706,0
02-Sep-2021,5.9664413343706,0
03-Sep-2021,5.9664413343706,0
04-Sep-2021,5.9664413343706,0
05-Sep-2021,5.9664413343706,0
06-Sep-2021,5.9664413343706,0
07-Sep-2021,5.9664413343706,0
08-Sep-2021,5.9664413343706,0
09-Sep-2021,5.9664413343706,0
10-Sep-2021,5.9664413343706,0
11-Sep-2021,5.9664413343706,0
12-Sep-2021,5.9664413343706,0
13-Sep-2021,5.9664413343706,0
14-Sep-2021,5.9664413343706,0
15-Sep-2021,5.9664413343706,0
16-Sep-2021,5.9664413343706,0
17-Sep-2021,5.9664413343706,0
18-Sep-2021,5.9664413343706,0
19-Sep-2021,5.9664413343706,0
20-Sep-2021,5.9664413343706,0
21-Sep-2021,5.9664413343706,0
22-Sep-2021,3.20760478588887,0
23-Sep-2021,3.20760478588887,0
24-Sep-2021,3.20760478588887,0
25-Sep-2021,3.20760478588887,0
26-Sep-2021,3.20760478588887,0
27-Sep-2021,3.20760478588887,0
28-Sep-2021,3.20760478588887,0
29-Sep-2021,3.20760478588887,0
30-Sep-2021,3.20760478588887,0
01-Oct-2021,3.20760478588887,0
02-Oct-2021,3.20760478588887,0
03-Oct-2021,3.20760478588887,0
04-Oct-2021,3.20760478588887,0
05-Oct-2021,3.20760478588887,0
06-Oct-2021,3.20760478588887,0
07-Oct-2021,3.20760478588887,0
08-Oct-2021,3.20760478588887,0
09-Oct-2021,3.20760478588887,0
10-Oct-2021,3.20760478588887,0
11-Oct-2021,3.20760478588887,0
12-Oct-2021,3.20760478588887,0
13-Oct-2021,3.20760478588887,0
14-Oct-2021,3.20760478588887,0
15-Oct-2021,3.20760478588887,0
16-Oct-2021,3.20760478588887,0
17-Oct-2021,5.38308712735952,0
18-Oct-2021,5.38308712735952,0
19-Oct-2021,5.38308712735952,0
20-Oct-2021,5.38308712735952,0
21-Oct-2021,5.38308712735952,0
22-Oct-2021,5.38308712735952,0
23-Oct-2021,5.38308712735952,0
24-Oct-2021,5.38308712735952,0
25-Oct-2021,5.38308712735952,0
26-Oct-2021,5.38308712735952,0
27-Oct-2021,5.38308712735952,0
28-Oct-2021,4.38037454175729,0
29-Oct-2021,4.38037454175729,0
30-Oct-2021,4.38037454175729,0
31-Oct-2021,4.38037454175729,0
01-Nov-2021,4.38037454175729,0
02-Nov-2021,4.38037454175729,0
03-Nov-2021,4.38037454175729,0
04-Nov-2021,3.46198246265924,0
05-Nov-2021,3.21777156363245,0
06-Nov-2021,3.21777156363245,0
07-Nov-2021,3.21777156363245,0
08-Nov-2021,3.21777156363245,0
09-Nov-2021,3.21777156363245,0
10-Nov-2021,3.21777156363245,0
11-Nov-2021,3.21777156363245,0
12-Nov-2021,3.21777156363245,0
13-Nov-2021,3.21777156363245,0
14-Nov-2021,3.21777156363245,0
15-Nov-2021,3.21777156363245,0
16-Nov-2021,3.21777156363245,0
17-Nov-2021,3.21777156363245,0
18-Nov-2021,3.21777156363245,0
19-Nov-2021,3.21777156363245,0
20-Nov-2021,3.21777156363245,0
21-Nov-2021,3.21777156363245,0
22-Nov-2021,3.33141084719742,0
23-Nov-2021,2.53699842977126,0
24-Nov-2021,2.53699842977126,0
25-Nov-2021,2.53699842977126,0
26-Nov-2021,2.53699842977126,0
27-Nov-2021,2.53699842977126,0
28-Nov-2021,2.53699842977126,0
29-Nov-2021,2.53699842977126,0
30-Nov-2021,2.53699842977126,0
01-Dec-2021,2.53699842977126,0
02-Dec-2021,3.78161914591219,0
03-Dec-2021,3.78161914591219,0
04-Dec-2021,3.78161914591219,0
05-Dec-2021,3.78161914591219,0
06-Dec-2021,3.78161914591219,0
07-Dec-2021,3.78161914591219,0
08-Dec-2021,3.78161914591219,0
09-Dec-2021,3.78161914591219,0
10-Dec-2021,3.78161914591219,0
11-Dec-2021,3.78161914591219,0
12-Dec-2021,3.78161914591219,0
13-Dec-2021,3.78161914591219,0
14-Dec-2021,3.78161914591219,0
15-Dec-2021,3.78161914591219,0
16-Dec-2021,3.78161914591219,0
17-Dec-2021,3.78161914591219,0
18-Dec-2021,3.78161914591219,0
19-Dec-2021,3.63258834676219,0
20-Dec-2021,3.63258834676219,0
21-Dec-2021,3.63258834676219,0
22-Dec-2021,3.63258834676219,0
23-Dec-2021,3.63258834676219,0
24-Dec-2021,3.63258834676219,0
25-Dec-2021,3.63258834676219,0
26-Dec-2021,3.63258834676219,0
27-Dec-2021,3.63258834676219,0
28-Dec-2021,3.63258834676219,0
29-Dec-2021,3.63258834676219,0
30-Dec-2021,3.63258834676219,0
31-Dec-2021,3.63258834676219,0
01-Jan-2022,3.63258834676219,0
02-Jan-2022,3.63258834676219,0
03-Jan-2022,3.63258834676219,0
04-Jan-2022,3.63258834676219,0
05-Jan-2022,3.63258834676219,0
06-Jan-2022,3.63258834676219,0
07-Jan-2022,3.63258834676219,0
08-Jan-2022,3.63258834676219,0
09-Jan-2022,3.63258834676219,0
10-Jan-2022,3.63258834676219,0
11-Jan-2022,3.63258834676219,0
12-Jan-2022,3.63258834676219,0
13-Jan-2022,3.63258834676219,0
14-Jan-2022,3.63258834676219,0
15-Jan-2022,3.63258834676219,0
16-Jan-2022,3.63258834676219,0
17-Jan-2022,3.63258834676219,0
18-Jan-2022,3.63258834676219,0
19-Jan-2022,3.63258834676219,0
20-Jan-2022,4.0073507327014,0
21-Jan-2022,4.0073507327014,0
22-Jan-2022,4.0073507327014,0
23-Jan-2022,4.34055847897411,0
24-Jan-2022,4.34055847897411,0
25-Jan-2022,4.34055847897411,0
26-Jan-2022,4.34055847897411,0
27-Jan-2022,4.34055847897411,0
28-Jan-2022,4.34055847897411,0
29-Jan-2022,4.34055847897411,0
30-Jan-2022,4.34055847897411,0
31-Jan-2022,4.34055847897411,0
01-Feb-2022,4.34055847897411,0
02-Feb-2022,4.34055847897411,0
03-Feb-2022,4.34055847897411,0
04-Feb-2022,4.34055847897411,0
05-Feb-2022,4.34055847897411,0
06-Feb-2022,4.34055847897411,0
07-Feb-2022,4.34055847897411,0
08-Feb-2022,4.34055847897411,0
09-Feb-2022,3.20908920478463,0
10-Feb-2022,3.20908920478463,0
11-Feb-2022,3.20908920478463,0
12-Feb-2022,3.20908920478463,0
13-Feb-2022,3.20908920478463,0
14-Feb-2022,3.20908920478463,0
15-Feb-2022,3.20908920478463,0
16-Feb-2022,3.20908920478463,0
17-Feb-2022,3.20908920478463,0
18-Feb-2022,3.20908920478463,0
19-Feb-2022,3.20908920478463,0
20-Feb-2022,2.74603068438785,0
21-Feb-2022,2.74603068438785,0
22-Feb-2022,2.74603068438785,0
23-Feb-2022,2.74603068438785,0
24-Feb-2022,2.87421919586026,0
25-Feb-2022,2.87421919586026,0
26-Feb-2022,2.87421919586026,0
27-Feb-2022,2.87421919586026,0
28-Feb-2022,2.87421919586026,0
01-Mar-2022,2.87421919586026,0
02-Mar-2022,2.87421919586026,0
03-Mar-2022,2.87421919586026,0
04-Mar-2022,2.87421919586026,0
05-Mar-2022,2.87421919586026,0
06-Mar-2022,2.87421919586026,0
07-Mar-2022,3.34529622381717,0
08-Mar-2022,3.34529622381717,0
09-Mar-2022,3.34529622381717,0
10-Mar-2022,3.34529622381717,0
11-Mar-2022,3.34529622381717,0
12-Mar-2022,3.34529622381717,0
13-Mar-2022,3.34529622381717,0
14-Mar-2022,3.34529622381717,0
15-Mar-2022,3.34529622381717,0
16-Mar-2022,3.34529622381717,0
17-Mar-2022,3.34529622381717,0
18-Mar-2022,3.34529622381717,0
19-Mar-2022,3.34529622381717,0
20-Mar-2022,2.94415501804011,0
21-Mar-2022,2.94415501804011,0
22-Mar-2022,2.94415501804011,0
23-Mar-2022,2.94415501804011,0
24-Mar-2022,2.94860915284219,0
25-Mar-2022,2.94860915284219,0
26-Mar-2022,2.94860915284219,0
27-Mar-2022,2.94860915284219,0
28-Mar-2022,2.94860915284219,0
29-Mar-2022,2.94860915284219,0
30-Mar-2022,2.94860915284219,0
31-Mar-2022,2.94860915284219,0
01-Apr-2022,2.94860915284219,0
02-Apr-2022,2.94860915284219,0
03-Apr-2022,2.94860915284219,0
04-Apr-2022,2.94860915284219,0
05-Apr-2022,2.94860915284219,0
06-Apr-2022,2.94860915284219,0
07-Apr-2022,2.94860915284219,0
08-Apr-2022,2.94860915284219,0
09-Apr-2022,2.94860915284219,0
10-Apr-2022,2.94860915284219,0
11-Apr-2022,2.94860915284219,0
12-Apr-2022,2.94860915284219,0
13-Apr-2022,2.94860915284219,0
14-Apr-2022,2.94860915284219,0
15-Apr-2022,2.94860915284219,0
16-Apr-2022,2.94860915284219,0
17-Apr-2022,2.94860915284219,0
18-Apr-2022,2.94860915284219,0
19-Apr-2022,2.94860915284219,0
20-Apr-2022,2.94860915284219,0
21-Apr-2022,3.42059769035419,0
22-Apr-2022,3.42059769035419,0
23-Apr-2022,3.22939402173054,0
24-Apr-2022,3.22939402173054,0
25-Apr-2022,3.26943618751623,0
26-Apr-2022,2.6482524406955,0
27-Apr-2022,2.546907497726,0
28-Apr-2022,2.546907497726,0
29-Apr-2022,2.546907497726,0
30-Apr-2022,2.546907497726,0
01-May-2022,2.546907497726,0
02-May-2022,2.546907497726,0
03-May-2022,2.546907497726,0
04-May-2022,2.546907497726,0
05-May-2022,2.546907497726,0
06-May-2022,2.546907497726,0
07-May-2022,2.546907497726,0
08-May-2022,2.546907497726,0
09-May-2022,2.546907497726,0
10-May-2022,2.546907497726,0
11-May-2022,2.546907497726,0
12-May-2022,2.546907497726,0
13-May-2022,2.546907497726,0
14-May-2022,2.546907497726,0
15-May-2022,2.546907497726,0
16-May-2022,2.546907497726,0
17-May-2022,2.546907497726,0
18-May-2022,2.546907497726,0
19-May-2022,2.29394903350907,0
20-May-2022,2.29394903350907,0
21-May-2022,2.29394903350907,0
22-May-2022,2.29394903350907,0
23-May-2022,2.29394903350907,0
24-May-2022,2.29394903350907,0
25-May-2022,2.38099176403091,0
26-May-2022,2.38099176403091,0
27-May-2022,2.38099176403091,0
28-May-2022,2.38099176403091,0
29-May-2022,2.38099176403091,0
30-May-2022,2.38099176403091,0
31-May-2022,2.38099176403091,0
01-Jun-2022,2.38099176403091,0
02-Jun-2022,2.38099176403091,0
03-Jun-2022,2.38099176403091,0
04-Jun-2022,2.38099176403091,0
05-Jun-2022,2.38099176403091,0
06-Jun-2022,2.38099176403091,0
07-Jun-2022,2.38099176403091,0
08-Jun-2022,2.38099176403091,0
09-Jun-2022,2.38099176403091,0
10-Jun-2022,2.38099176403091,0
11-Jun-2022,2.38099176403091,0
12-Jun-2022,2.38099176403091,0
13-Jun-2022,2.38099176403091,0
14-Jun-2022,2.38099176403091,0
15-Jun-2022,2.38099176403091,0
16-Jun-2022,2.38099176403091,0
17-Jun-2022,2.38099176403091,0
18-Jun-2022,2.38099176403091,0
19-Jun-2022,2.38099176403091,0
20-Jun-2022,2.38099176403091,0
21-Jun-2022,2.38099176403091,0
22-Jun-2022,2.38099176403091,0
23-Jun-2022,2.38099176403091,0
24-Jun-2022,2.38099176403091,0
25-Jun-2022,2.38099176403091,0
26-Jun-2022,2.38099176403091,0
27-Jun-2022,2.38099176403091,0
28-Jun-2022,2.38099176403091,0
29-Jun-2022,2.40117675225986,0
30-Jun-2022,2.40117675225986,0
01-Jul-2022,2.40117675225986,0
02-Jul-2022,2.40117675225986,0
03-Jul-2022,2.40117675225986,0
04-Jul-2022,2.40117675225986,0
05-Jul-2022,2.40117675225986,0
06-Jul-2022,2.40117675225986,0
07-Jul-2022,2.65798792382862,0
08-Jul-2022,2.65798792382862,0
09-Jul-2022,2.65798792382862,0
10-Jul-2022,2.65798792382862,0
11-Jul-2022,2.65798792382862,0
12-Jul-2022,2.65798792382862,0
13-Jul-2022,2.65798792382862,0
14-Jul-2022,2.40896093283893,0
15-Jul-2022,2.40896093283893,0
16-Jul-2022,2.40896093283893,0
17-Jul-2022,2.40896093283893,0
18-Jul-2022,2.40896093283893,0
19-Jul-2022,2.40896093283893,0
20-Jul-2022,2.63035969898452,0
21-Jul-2022,2.63035969898452,0
22-Jul-2022,2.63035969898452,0
23-Jul-2022,2.63035969898452,0
24-Jul-2022,2.63035969898452,0
25-Jul-2022,2.63035969898452,0
26-Jul-2022,2.63035969898452,0
27-Jul-2022,2.66144401122475,0
28-Jul-2022,2.90711352198057,0
29-Jul-2022,2.90711352198057,0
30-Jul-2022,2.90711352198057,0
31-Jul-2022,2.90711352198057,0
01-Aug-2022,2.90711352198057,0
02-Aug-2022,2.90711352198057,0
03-Aug-2022,2.90711352198057,0
04-Aug-2022,2.90711352198057,0
05-Aug-2022,2.90711352198057,0
06-Aug-2022,2.90711352198057,0
07-Aug-2022,2.90711352198057,0
08-Aug-2022,2.90711352198057,0
09-Aug-2022,2.90711352198057,0
10-Aug-2022,2.90711352198057,0
11-Aug-2022,2.90711352198057,0
12-Aug-2022,2.90711352198057,0
13-Aug-2022,2.90711352198057,0
14-Aug-2022,2.90711352198057,0
15-Aug-2022,2.90711352198057,0
16-Aug-2022,2.90711352198057,0
17-Aug-2022,2.90711352198057,0
18-Aug-2022,2.90711352198057,0
19-Aug-2022,2.90711352198057,0
20-Aug-2022,2.90711352198057,0
21-Aug-2022,2.90711352198057,0
22-Aug-2022,2.90711352198057,0
23-Aug-2022,2.90711352198057,0
24-Aug-2022,3.05818927525606,0
25-Aug-2022,2.74358577684755,0
26-Aug-2022,2.74358577684755,0
27-Aug-2022,2.74358577684755,0
28-Aug-2022,2.74358577684755,0
29-Aug-2022,2.74358577684755,0
30-Aug-2022,2.74358577684755,0
31-Aug-2022,2.74358577684755,0
01-Sep-2022,2.74358577684755,0
02-Sep-2022,2.74358577684755,0
03-Sep-2022,2.74358577684755,0
04-Sep-2022,2.74358577684755,0
05-Sep-2022,2.74358577684755,0
06-Sep-2022,2.74358577684755,0
07-Sep-2022,2.74358577684755,0
08-Sep-2022,1.8742890944641,0
09-Sep-2022,1.8742890944641,0
10-Sep-2022,1.8742890944641,0
11-Sep-2022,1.8742890944641,0
12-Sep-2022,1.8742890944641,0
13-Sep-2022,1.8742890944641,0
14-Sep-2022,2.01451721803737,0
15-Sep-2022,2.01451721803737,0
16-Sep-2022,2.01451721803737,0
17-Sep-2022,2.01451721803737,0
18-Sep-2022,2.01451721803737,0
19-Sep-2022,2.01451721803737,0
20-Sep-2022,2.01451721803737,0
21-Sep-2022,1.4934318221884,0
22-Sep-2022,1.4934318221884,0
23-Sep-2022,1.4934318221884,0
24-Sep-2022,1.4934318221884,0
25-Sep-2022,1.4934318221884,0
26-Sep-2022,1.4934318221884,0
27-Sep-2022,1.4934318221884,0
28-Sep-2022,1.4934318221884,0
29-Sep-2022,1.4934318221884,0
30-Sep-2022,1.4934318221884,0
01-Oct-2022,1.4934318221884,0
02-Oct-2022,1.4934318221884,0
03-Oct-2022,1.4934318221884,0
04-Oct-2022,1.4934318221884,0
05-Oct-2022,1.4934318221884,0
06-Oct-2022,1.4934318221884,0
07-Oct-2022,1.4934318221884,0
08-Oct-2022,1.4934318221884,0
09-Oct-2022,1.4934318221884,0
10-Oct-2022,1.4934318221884,0
11-Oct-2022,1.51693989582709,0
12-Oct-2022,1.18074980325157,0
13-Oct-2022,1.37282183846815,0
14-Oct-2022,1.37282183846815,0
15-Oct-2022,1.37282183846815,0
16-Oct-2022,1.37282183846815,0
17-Oct-2022,1.37282183846815,0
18-Oct-2022,1.37282183846815,0
19-Oct-2022,1.44751783305504,0
20-Oct-2022,1.44751783305504,0
21-Oct-2022,1.44751783305504,0
22-Oct-2022,1.44751783305504,0
23-Oct-2022,1.44751783305504,0
24-Oct-2022,1.15310672195344,0
25-Oct-2022,1.15310672195344,0
26-Oct-2022,0.845027333698944,0
27-Oct-2022,0.845027333698944,0
28-Oct-2022,0.845027333698944,0
29-Oct-2022,0.845027333698944,0
30-Oct-2022,0.845027333698944,0
31-Oct-2022,0.845027333698944,0
01-Nov-2022,0.845027333698944,0
02-Nov-2022,0.845027333698944,0
03-Nov-2022,0.845027333698944,0
04-Nov-2022,0.845027333698944,0
05-Nov-2022,0.845027333698944,0
06-Nov-2022,0.845027333698944,0
07-Nov-2022,0.845027333698944,0
08-Nov-2022,0.845027333698944,0
09-Nov-2022,0.845027333698944,0
10-Nov-2022,0.845027333698944,0
11-Nov-2022,0.845027333698944,0
12-Nov-2022,0.845027333698944,0
13-Nov-2022,0.845027333698944,0
14-Nov-2022,0.845027333698944,0
15-Nov-2022,0.845027333698944,0
16-Nov-2022,0.845027333698944,0
17-Nov-2022,0.755264256983132,0
18-Nov-2022,0.755264256983132,0
19-Nov-2022,0.918027077861716,0
20-Nov-2022,0.918027077861716,0
21-Nov-2022,0.918027077861716,0
22-Nov-2022,0.918027077861716,0
23-Nov-2022,0.918027077861716,0
24-Nov-2022,0.918027077861716,0
25-Nov-2022,0.918027077861716,0
26-Nov-2022,0.918027077861716,0
27-Nov-2022,0.918027077861716,0
28-Nov-2022,0.918027077861716,0
29-Nov-2022,0.918027077861716,0
30-Nov-2022,0.918027077861716,0
01-Dec-2022,0.918027077861716,0
02-Dec-2022,0.918027077861716,0
03-Dec-2022,0.918027077861716,0
04-Dec-2022,0.918027077861716,0
05-Dec-2022,0.918027077861716,0
06-Dec-2022,0.918027077861716,0
07-Dec-2022,0.404894473479658,0
08-Dec-2022,0.404894473479658,0
09-Dec-2022,0.404894473479658,0
10-Dec-2022,0.404894473479658,0
11-Dec-2022,0.168070897621732,0
12-Dec-2022,0.168070897621732,0
13-Dec-2022,0.168070897621732,0
14-Dec-2022,0.168070897621732,0
15-Dec-2022,-0.283473020172259,0
16-Dec-2022,-0.283473020172259,0
17-Dec-2022,-0.283473020172259,0
18-Dec-2022,-0.283473020172259,0
19-Dec-2022,-0.283473020172259,0
20-Dec-2022,-0.283473020172259,0
21-Dec-2022,-0.283473020172259,0
22-Dec-2022,-0.283473020172259,0
23-Dec-2022,-0.283473020172259,0
24-Dec-2022,-0.283473020172259,0
25-Dec-2022,-0.283473020172259,0
26-Dec-2022,-0.283473020172259,0
27-Dec-2022,-0.283473020172259,0
28-Dec-2022,-0.283473020172259,0
29-Dec-2022,0.31966024359923,0
30-Dec-2022,0.31966024359923,0
31-Dec-2022,0.31966024359923,0
01-Jan-2023,0.243068185517359,0
02-Jan-2023,0.538491163427722,0
03-Jan-2023,0.538491163427722,0
04-Jan-2023,0.538491163427722,0
05-Jan-2023,0.538491163427722,0
06-Jan-2023,0.538491163427722,0
07-Jan-2023,0.538491163427722,0
08-Jan-2023,0.538491163427722,0
09-Jan-2023,0.538491163427722,0
10-Jan-2023,0.538491163427722,0
11-Jan-2023,0.538491163427722,0
12-Jan-2023,0.538491163427722,0
13-Jan-2023,0.538491163427722,0
14-Jan-2023,0.538491163427722,0
15-Jan-2023,0.538491163427722,0
16-Jan-2023,0.510290524631515,0
17-Jan-2023,0.108915089165023,0
18-Jan-2023,0.108915089165023,0
19-Jan-2023,-0.0928436446451357,0
20-Jan-2023,0.33322162830563,0
21-Jan-2023,0.324705993519643,0
22-Jan-2023,0.324705993519643,0
23-Jan-2023,0.324705993519643,0
24-Jan-2023,0.324705993519643,0
25-Jan-2023,0.324705993519643,0
26-Jan-2023,0.324705993519643,0
27-Jan-2023,0.324705993519643,0
28-Jan-2023,0.324705993519643,0
29-Jan-2023,0.324705993519643,0
30-Jan-2023,0.324705993519643,0
31-Jan-2023,0.324705993519643,0
01-Feb-2023,0.463648897824719,0
02-Feb-2023,0.463648897824719,0
03-Feb-2023,0.463648897824719,0
04-Feb-2023,0.463648897824719,0
05-Feb-2023,0.463648897824719,0
06-Feb-2023,0.541352112347468,0
07-Feb-2023,0.541352112347468,0
08-Feb-2023,0.541352112347468,0
09-Feb-2023,0.541352112347468,0
10-Feb-2023,0.541352112347468,0
11-Feb-2023,0.128303039715753,0
12-Feb-2023,-0.0635046015511094,0
13-Feb-2023,-0.21424280831971,0
14-Feb-2023,-0.122586478035913,0
15-Feb-2023,-0.122586478035913,0
16-Feb-2023,-0.245007287575802,0
17-Feb-2023,-0.245007287575802,0
18-Feb-2023,-0.245007287575802,0
19-Feb-2023,-0.245007287575802,0
20-Feb-2023,-0.245007287575802,0
21-Feb-2023,-0.245007287575802,0
22-Feb-2023,-0.245007287575802,0
23-Feb-2023,-0.245007287575802,0
24-Feb-2023,-0.245007287575802,0
25-Feb-2023,0.194460203574096,0
26-Feb-2023,0.39774070189204,0
27-Feb-2023,-0.174504172830098,0
28-Feb-2023,-0.174504172830098,0
01-Mar-2023,-0.174504172830098,0
02-Mar-2023,-0.174504172830098,0
03-Mar-2023,-0.174504172830098,0
04-Mar-2023,-0.174504172830098,0
05-Mar-2023,-0.174504172830098,0
06-Mar-2023,-0.174504172830098,0
07-Mar-2023,-0.174504172830098,0
08-Mar-2023,-0.174504172830098,0
09-Mar-2023,-0.174504172830098,0
10-Mar-2023,-0.174504172830098,0
11-Mar-2023,-0.174504172830098,0
12-Mar-2023,-0.174504172830098,0
13-Mar-2023,-0.0233868104973141,0
14-Mar-2023,-0.0233868104973141,0
15-Mar-2023,-0.0233868104973141,0
16-Mar-2023,-0.0233868104973141,0
17-Mar-2023,-0.0233868104973141,0
18-Mar-2023,-0.0233868104973141,0
19-Mar-2023,-0.0233868104973141,0
20-Mar-2023,-0.171888293849392,0
21-Mar-2023,-0.171888293849392,0
22-Mar-2023,-0.301119932128884,0
23-Mar-2023,-0.291588828590093,0
24-Mar-2023,-0.291588828590093,0
25-Mar-2023,-0.291588828590093,0
26-Mar-2023,-0.291588828590093,0
27-Mar-2023,0.309825924391887,0
28-Mar-2023,0.309825924391887,0
29-Mar-2023,0.309825924391887,0
30-Mar-2023,0.309825924391887,0
31-Mar-2023,0.141148658679157,0
01-Apr-2023,0.141148658679157,0
02-Apr-2023,0.141148658679157,0
03-Apr-2023,0.0788659585187403,0
04-Apr-2023,0.424492292409141,0
05-Apr-2023,0.424492292409141,0
06-Apr-2023,0.424492292409141,0
07-Apr-2023,0.424492292409141,0
08-Apr-2023,0.424492292409141,0
09-Apr-2023,0.424492292409141,0
10-Apr-2023,0.424492292409141,0
11-Apr-2023,0.507882248055473,0
12-Apr-2023,0.507882248055473,0
13-Apr-2023,0.507882248055473,0
14-Apr-2023,0.507882248055473,0
15-Apr-2023,0.507882248055473,0
16-Apr-2023,0.507882248055473,0
17-Apr-2023,0.278703580306917,0
18-Apr-2023,0.0691413209597442,0
19-Apr-2023,0.113322560747065,0
20-Apr-2023,0.113322560747065,0
21-Apr-2023,0.113322560747065,0
22-Apr-2023,0.113322560747065,0
23-Apr-2023,0.113322560747065,0
24-Apr-2023,0.113322560747065,0
25-Apr-2023,0.497192730337225,0
26-Apr-2023,0.497192730337225,0
27-Apr-2023,0.497192730337225,0
28-Apr-2023,0.497192730337225,0
29-Apr-2023,0.497192730337225,0
30-Apr-2023,0.497192730337225,0
01-May-2023,0.497192730337225,0
02-May-2023,0.359855044366462,0
03-May-2023,0.34198906916555,0
04-May-2023,0.34198906916555,0
05-May-2023,0.34198906916555,0
06-May-2023,0.34198906916555,0
07-May-2023,0.34198906916555,0
08-May-2023,0.508476250914576,0
09-May-2023,0.508476250914576,0
10-May-2023,0.508476250914576,0
11-May-2023,0.508476250914576,0
12-May-2023,0.508476250914576,0
13-May-2023,0.508476250914576,0
14-May-2023,0.508476250914576,0
15-May-2023,0.508476250914576,0
16-May-2023,0.368475163757104,0
17-May-2023,0.368475163757104,0
18-May-2023,1.03499701262196,0
19-May-2023,1.03499701262196,0
20-May-2023,1.03499701262196,0
21-May-2023,1.03499701262196,0
22-May-2023,1.1443636749414,0
23-May-2023,1.1443636749414,0
24-May-2023,1.1443636749414,0
25-May-2023,1.1443636749414,0
26-May-2023,1.1443636749414,0
27-May-2023,1.1443636749414,0
28-May-2023,1.1443636749414,0
29-May-2023,1.1443636749414,0
30-May-2023,1.03408162636991,0
31-May-2023,0.599953662608229,0
01-Jun-2023,0.599953662608229,0
02-Jun-2023,0.599953662608229,0
03-Jun-2023,0.599953662608229,0
04-Jun-2023,0.599953662608229,0
05-Jun-2023,0.599953662608229,0
06-Jun-2023,0.599953662608229,0
07-Jun-2023,0.599953662608229,0
08-Jun-2023,0.599953662608229,0
09-Jun-2023,0.599953662608229,0
10-Jun-2023,0.599953662608229,0
11-Jun-2023,0.599953662608229,0
12-Jun-2023,0.382670032243091,0
13-Jun-2023,0.000113997482245054,0
14-Jun-2023,0.000107474510230077,0
15-Jun-2023,0.309225168741811,0
16-Jun-2023,0.816416464491226,0
17-Jun-2023,0.816416464491226,0
18-Jun-2023,0.816416464491226,0
19-Jun-2023,0.816416464491226,0
20-Jun-2023,0.583872681820715,0
21-Jun-2023,0.583872681820715,0
22-Jun-2023,0.583872681820715,0
23-Jun-2023,0.396615290412768,0
24-Jun-2023,0.396615290412768,0
25-Jun-2023,0.396615290412768,0
26-Jun-2023,0.396615290412768,0
27-Jun-2023,0.587273617813608,0
28-Jun-2023,0.587273617813608,0
29-Jun-2023,0.587273617813608,0
30-Jun-2023,0.587273617813608,0
01-Jul-2023,0.587273617813608,0
02-Jul-2023,0.587273617813608,0
03-Jul-2023,0.587273617813608,0
04-Jul-2023,0.587273617813608,0
05-Jul-2023,0.587273617813608,0
06-Jul-2023,0.732189647962748,0
07-Jul-2023,0.732189647962748,0
08-Jul-2023,0.732189647962748,0
09-Jul-2023,0.700858260015188,0
10-Jul-2023,0.700858260015188,0
11-Jul-2023,0.170196150854778,0
12-Jul-2023,0.163964231292468,0
13-Jul-2023,0.163964231292468,0
14-Jul-2023,0.163964231292468,0
15-Jul-2023,0.163964231292468,0
16-Jul-2023,0.160876773393483,0
17-Jul-2023,-0.598219392055569,0
18-Jul-2023,-0.598219392055569,0
19-Jul-2023,-0.598219392055569,0
20-Jul-2023,-0.687022547849494,0
21-Jul-2023,-0.687022547849494,0
22-Jul-2023,-0.687022547849494,0
23-Jul-2023,-0.377113871991902,0
24-Jul-2023,-0.725484074835947,0
25-Jul-2023,-0.62507397779342,0
26-Jul-2023,-0.62507397779342,0
27-Jul-2023,-0.710200782621577,0
28-Jul-2023,-0.710200782621577,0
29-Jul-2023,-0.710200782621577,0
30-Jul-2023,-0.697466213337073,0
31-Jul-2023,-0.697466213337073,0
01-Aug-2023,-1.17371184358691,0
02-Aug-2023,-1.17371184358691,0
03-Aug-2023,-1.17371184358691,0
04-Aug-2023,-1.17371184358691,0
05-Aug-2023,-1.17371184358691,0
06-Aug-2023,-1.17010548845028,0
07-Aug-2023,-1.17010548845028,0
08-Aug-2023,-1.17010548845028,0
09-Aug-2023,-1.17010548845028,0
10-Aug-2023,-1.17010548845028,0
11-Aug-2023,-1.17010548845028,0
12-Aug-2023,-1.17010548845028,0
13-Aug-2023,-1.13150440454749,0
14-Aug-2023,-1.32046865419075,0
15-Aug-2023,-1.31614102373802,0
16-Aug-2023,-1.31614102373802,0
17-Aug-2023,-1.30969042248272,0
18-Aug-2023,-1.30969042248272,0
19-Aug-2023,-1.30969042248272,0
20-Aug-2023,-1.27857404628126,0
21-Aug-2023,-1.40938184314599,0
22-Aug-2023,-1.40938184314599,0
23-Aug-2023,-1.40938184314599,0
24-Aug-2023,-1.49916349449614,0
25-Aug-2023,-1.49916349449614,0
26-Aug-2023,-1.28359165125731,0
27-Aug-2023,-1.27059560847497,0
28-Aug-2023,-1.27059560847497,0
29-Aug-2023,-1.2222746222255,0
30-Aug-2023,-1.18003021565428,0
31-Aug-2023,-1.16295111633003,0
01-Sep-2023,-1.16295111633003,0
02-Sep-2023,-1.16295111633003,0
03-Sep-2023,-1.16295111633003,0
04-Sep-2023,-1.12714233215931,0
05-Sep-2023,-1.12714233215931,0
06-Sep-2023,-1.12714233215931,0
07-Sep-2023,-1.12714233215931,0
08-Sep-2023,-1.12714233215931,0
09-Sep-2023,-1.12714233215931,0
10-Sep-2023,-1.51413934384414,0
11-Sep-2023,-1.58204655353482,0
12-Sep-2023,-1.43869356112515,0
13-Sep-2023,-1.3734624376401,0
14-Sep-2023,-1.36620440529597,0
15-Sep-2023,-1.16892364645572,0
16-Sep-2023,-1.16892364645572,0
17-Sep-2023,-1.10928177239578,0
18-Sep-2023,-0.910572989525633,0
19-Sep-2023,-0.881809717457038,0
20-Sep-2023,-0.590373869350692,0
21-Sep-2023,-0.590373869350692,0
22-Sep-2023,-0.590373869350692,0
23-Sep-2023,-0.590373869350692,0
24-Sep-2023,-0.465356433910436,0
25-Sep-2023,-0.553170126114495,0
26-Sep-2023,-0.521899426344596,0
27-Sep-2023,-0.521899426344596,0
28-Sep-2023,-0.513750681814784,0
29-Sep-2023,-0.424766518377801,0
30-Sep-2023,-0.424766518377801,0
01-Oct-2023,-0.414574156448808,0
02-Oct-2023,-0.414574156448808,0
03-Oct-2023,-0.344496564020027,0
04-Oct-2023,-0.334243863126652,0
05-Oct-2023,-0.334243863126652,0
06-Oct-2023,-0.334243863126652,0
07-Oct-2023,-0.341839494211996,0
08-Oct-2023,-0.0896402548372919,0
09-Oct-2023,-0.238732213007751,0
10-Oct-2023,-0.238732213007751,0
11-Oct-2023,-0.253583449070049,0
12-Oct-2023,-0.253583449070049,0
13-Oct-2023,-0.253583449070049,0
14-Oct-2023,-0.253583449070049,0
15-Oct-2023,-0.285571445469415,0
16-Oct-2023,-0.580467542980664,0
17-Oct-2023,-0.511220148354298,0
18-Oct-2023,-0.511220148354298,0
19-Oct-2023,-0.519960171374457,0
20-Oct-2023,-0.3142219216329,0
21-Oct-2023,-0.3142219216329,0
22-Oct-2023,-0.307898352760098,0
23-Oct-2023,-0.256358572361755,0
24-Oct-2023,-0.256358572361755,0
25-Oct-2023,-0.256358572361755,0
26-Oct-2023,-0.256358572361755,0
27-Oct-2023,-0.256358572361755,0
28-Oct-2023,-0.256358572361755,0
29-Oct-2023,0.00652744838295405,0
30-Oct-2023,0.00540458410580413,0
31-Oct-2023,-0.0250081954556336,0
01-Nov-2023,-0.0244787875071495,0
02-Nov-2023,0.097973140953151,0
03-Nov-2023,0.158972023685649,0
04-Nov-2023,0.158972023685649,0
05-Nov-2023,0.106311319671363,0
06-Nov-2023,0.106311319671363,0
07-Nov-2023,0.430463991630987,0
08-Nov-2023,0.430463991630987,0
09-Nov-2023,0.430463991630987,0
10-Nov-2023,0.430463991630987,0
11-Nov-2023,0.430463991630987,0
12-Nov-2023,0.558511403323315,0
13-Nov-2023,0.576389800998179,0
14-Nov-2023,0.62189755410526,0
15-Nov-2023,0.62189755410526,0
16-Nov-2023,0.647652595231122,0
17-Nov-2023,0.647652595231122,0
18-Nov-2023,0.647652595231122,0
19-Nov-2023,1.27990172749152,0
20-Nov-2023,1.51265914449741,0
21-Nov-2023,1.51265914449741,0
22-Nov-2023,1.51265914449741,0
23-Nov-2023,1.51265914449741,0
24-Nov-2023,1.51265914449741,0
25-Nov-2023,1.51265914449741,0
26-Nov-2023,1.59190077786126,0
27-Nov-2023,1.14781572835696,0
28-Nov-2023,1.09026016649557,0
29-Nov-2023,1.09026016649557,0
30-Nov-2023,1.09026016649557,0
01-Dec-2023,1.47225775553595,0
02-Dec-2023,1.47225775553595,0
03-Dec-2023,1.48492994918036,0
04-Dec-2023,1.24168020407096,0
05-Dec-2023,1.31533085569601,0
06-Dec-2023,1.27403107162204,0
07-Dec-2023,1.49316350052418,0
08-Dec-2023,1.49316350052418,0
09-Dec-2023,1.49316350052418,0
10-Dec-2023,1.45812109846474,0
11-Dec-2023,1.45812109846474,0
12-Dec-2023,1.55131935002861,0
13-Dec-2023,1.52096099489399,0
14-Dec-2023,1.67523820918401,0
15-Dec-2023,1.67523820918401,0
16-Dec-2023,1.67523820918401,0
17-Dec-2023,1.62354945646301,0
18-Dec-2023,1.58563805819757,0
19-Dec-2023,1.58563805819757,0
20-Dec-2023,1.58563805819757,0
21-Dec-2023,1.58563805819757,0
22-Dec-2023,1.58563805819757,0
23-Dec-2023,1.58563805819757,0
24-Dec-2023,1.58563805819757,0
25-Dec-2023,1.58563805819757,0
26-Dec-2023,1.58563805819757,0
27-Dec-2023,1.58563805819757,0
28-Dec-2023,1.58563805819757,0
29-Dec-2023,1.55011937087338,0
30-Dec-2023,1.55011937087338,0
31-Dec-2023,1.55011937087338,0
01-Jan-2024,1.55011937087338,0
02-Jan-2024,1.55011937087338,0
03-Jan-2024,1.55011937087338,0
04-Jan-2024,1.55011937087338,0
05-Jan-2024,1.53390785744192,0
06-Jan-2024,1.53390785744192,0
07-Jan-2024,1.5143257107009,0
08-Jan-2024,1.5143257107009,0
09-Jan-2024,1.07881269642923,0
10-Jan-2024,1.07881269642923,0
11-Jan-2024,1.07881269642923,0
12-Jan-2024,0.973423986024294,0
13-Jan-2024,0.973423986024294,0
14-Jan-2024,0.973423986024294,0
15-Jan-2024,0.998716371075538,0
16-Jan-2024,1.19537895584648,0
17-Jan-2024,1.13968721270441,0
18-Jan-2024,1.20385312661571,0
19-Jan-2024,1.20385312661571,0
20-Jan-2024,1.20385312661571,0
21-Jan-2024,1.72790638248708,0
22-Jan-2024,1.72790638248708,0
23-Jan-2024,2.3081936261115,0
24-Jan-2024,2.27803696628643,0
25-Jan-2024,2.27803696628643,0
26-Jan-2024,2.27803696628643,0
27-Jan-2024,2.27803696628643,0
28-Jan-2024,2.33111966873007,0
29-Jan-2024,2.00911655285286,0
30-Jan-2024,2.0070270621505,0
31-Jan-2024,2.0070270621505,0
01-Feb-2024,1.96524359038305,0
02-Feb-2024,1.92401558936222,0
03-Feb-2024,1.92401558936222,0
04-Feb-2024,1.92401558936222,0
05-Feb-2024,1.92401558936222,0
06-Feb-2024,1.90535594561815,0
07-Feb-2024,1.90535594561815,0
08-Feb-2024,1.90535594561815,0
09-Feb-2024,1.90535594561815,0
10-Feb-2024,1.90535594561815,0
11-Feb-2024,2.50217729970281,0
12-Feb-2024,2.50217729970281,0
13-Feb-2024,2.24336567875669,0
14-Feb-2024,2.2021324292897,0
15-Feb-2024,2.24743539981527,0
16-Feb-2024,2.24520893094341,0
17-Feb-2024,2.24520893094341,0
18-Feb-2024,2.24520893094341,0
19-Feb-2024,2.81629505227117,0
20-Feb-2024,2.64967384433555,0
21-Feb-2024,2.64967384433555,0
22-Feb-2024,2.73683544161059,0
23-Feb-2024,2.73683544161059,0
24-Feb-2024,2.73683544161059,0
25-Feb-2024,2.80829521037408,0
26-Feb-2024,2.80829521037408,0
27-Feb-2024,2.50868388830076,0
28-Feb-2024,2.54852212764976,0
29-Feb-2024,2.54852212764976,0
01-Mar-2024,2.5663972306444,0
02-Mar-2024,2.5663972306444,0
03-Mar-2024,2.48714591319364,0
04-Mar-2024,2.48714591319364,0
05-Mar-2024,1.93156761453533,0
06-Mar-2024,1.93266555205371,0
07-Mar-2024,1.83511922163309,0
08-Mar-2024,1.83511922163309,0
09-Mar-2024,1.83511922163309,0
10-Mar-2024,2.03863099507178,0
11-Mar-2024,1.87472075410883,0
12-Mar-2024,1.87818661834616,0
13-Mar-2024,1.81761717808125,0
14-Mar-2024,1.81761717808125,0
15-Mar-2024,1.81761717808125,0
16-Mar-2024,1.81761717808125,0
17-Mar-2024,1.35108033292951,0
18-Mar-2024,1.35108033292951,0
19-Mar-2024,1.42077913035057,0
20-Mar-2024,1.42077913035057,0
21-Mar-2024,1.41286505516408,0
22-Mar-2024,1.41286505516408,0
23-Mar-2024,1.41286505516408,0
24-Mar-2024,1.43694674575549,0
25-Mar-2024,1.08026708095692,0
26-Mar-2024,1.08026708095692,0
27-Mar-2024,1.08026708095692,0
28-Mar-2024,0.932408432495578,0
29-Mar-2024,0.923117606287072,0
30-Mar-2024,0.923117606287072,0
31-Mar-2024,0.881405114584211,0
01-Apr-2024,0.881405114584211,0
02-Apr-2024,0.380326848735486,0
03-Apr-2024,0.530992976228127,0
04-Apr-2024,0.530992976228127,0
05-Apr-2024,0.545060265873865,0
06-Apr-2024,0.545060265873865,0
07-Apr-2024,0.545516355033136,0
08-Apr-2024,0.545516355033136,0
09-Apr-2024,0.545516355033136,0
10-Apr-2024,0.545516355033136,0
11-Apr-2024,0.490611512017736,0
12-Apr-2024,0.490611512017736,0
13-Apr-2024,0.490611512017736,0
14-Apr-2024,0.490611512017736,0
15-Apr-2024,0.499753089831231,0
16-Apr-2024,0.500039464618368,0
17-Apr-2024,0.613769045087373,0
18-Apr-2024,0.503237235864091,0
19-Apr-2024,0.503237235864091,0
20-Apr-2024,0.503237235864091,0
21-Apr-2024,0.449201412812627,0
22-Apr-2024,0.200116151243357,0
23-Apr-2024,0.194939118374137,0
24-Apr-2024,0.194939118374137,0
25-Apr-2024,0.400849886961822,0
26-Apr-2024,0.400849886961822,0
27-Apr-2024,0.400849886961822,0
28-Apr-2024,0.365583998668107,0
29-Apr-2024,0.365583998668107,0
30-Apr-2024,0.365583998668107,0
01-May-2024,0.365583998668107,0
02-May-2024,0.365583998668107,0
03-May-2024,0.294983786257035,0
04-May-2024,0.294983786257035,0
05-May-2024,0.235555062282266,0
06-May-2024,0.235555062282266,0
07-May-2024,0.235555062282266,0
08-May-2024,0.235555062282266,0
09-May-2024,0.235555062282266,0
10-May-2024,0.235555062282266,0
11-May-2024,0.235555062282266,0
12-May-2024,0.391636578395655,0
13-May-2024,0.503402851813505,0
14-May-2024,0.493446725256945,0
15-May-2024,0.471674661722304,0
16-May-2024,0.467605464349461,0
17-May-2024,0.467605464349461,0
18-May-2024,0.467605464349461,0
19-May-2024,0.643716638777995,0
20-May-2024,0.704722256137629,0
21-May-2024,0.704722256137629,0
22-May-2024,0.704722256137629,0
23-May-2024,0.686600718405018,0
24-May-2024,0.686600718405018,0
25-May-2024,0.686600718405018,0
26-May-2024,0.686600718405018,0
27-May-2024,0.686600718405018,0
28-May-2024,0.643567135199419,0
29-May-2024,0.643567135199419,0
30-May-2024,0.901302187507639,0
31-May-2024,0.801367035270268,0
01-Jun-2024,0.801367035270268,0
02-Jun-2024,0.777799458987971,0
03-Jun-2024,0.777799458987971,0
04-Jun-2024,0.777799458987971,0
05-Jun-2024,0.815869288112609,0
06-Jun-2024,0.819459631627964,0
07-Jun-2024,0.761033413444885,0
08-Jun-2024,0.761033413444885,0
09-Jun-2024,0.766841970295751,0
10-Jun-2024,0.766841970295751,0
11-Jun-2024,0.494487713540757,0
12-Jun-2024,0.485656178479623,0
13-Jun-2024,0.485656178479623,0
14-Jun-2024,0.485656178479623,0
15-Jun-2024,0.485656178479623,0
16-Jun-2024,0.478948576959397,0
17-Jun-2024,0.22522238335025,0
18-Jun-2024,0.22522238335025,0
19-Jun-2024,0.22522238335025,0
20-Jun-2024,0.178148891529226,0
21-Jun-2024,0.368088844085662,0
22-Jun-2024,0.368088844085662,0
23-Jun-2024,0.379314523749862,0
24-Jun-2024,0.312705639249614,0
25-Jun-2024,0.410023853941851,0
26-Jun-2024,0.410023853941851,0
27-Jun-2024,0.410023853941851,0
28-Jun-2024,0.496705873124938,0
29-Jun-2024,0.496705873124938,0
30-Jun-2024,0.697639631792683,0
01-Jul-2024,0.780349121141988,0
02-Jul-2024,1.10600411436362,0
03-Jul-2024,1.10600411436362,0
04-Jul-2024,1.10600411436362,0
05-Jul-2024,1.10600411436362,0
06-Jul-2024,1.10600411436362,0
07-Jul-2024,1.08942327768173,0
08-Jul-2024,1.23564240022303,0
09-Jul-2024,1.28802364507572,0
10-Jul-2024,1.18799076558359,0
11-Jul-2024,1.18454642492688,0
12-Jul-2024,1.18454642492688,0
13-Jul-2024,1.18454642492688,0
14-Jul-2024,1.40054106030387,0
15-Jul-2024,1.49500825821889,0
16-Jul-2024,1.59868301255716,0
17-Jul-2024,1.604559915236,0
18-Jul-2024,1.94756762031429,0
19-Jul-2024,1.94756762031429,0
20-Jul-2024,1.94756762031429,0
21-Jul-2024,3.14693894079635,1
22-Jul-2024,3.26079761307869,1
23-Jul-2024,3.11568729083218,1
24-Jul-2024,3.01584806623415,1
25-Jul-2024,2.06749443862621,1
26-Jul-2024,2.06749443862621,1
27-Jul-2024,2.06749443862621,1
28-Jul-2024,2.10376410087384,1
29-Jul-2024,2.10376410087384,1
30-Jul-2024,1.5212264136891,1
31-Jul-2024,1.40437001265877,1
01-Aug-2024,1.57346939666056,1
02-Aug-2024,1.45330585517587,1
03-Aug-2024,1.34922077375312,1
04-Aug-2024,0.365417053599003,1
05-Aug-2024,0.365417053599003,1
06-Aug-2024,0.365417053599003,1
07-Aug-2024,0.349850204507099,1
08-Aug-2024,0.349850204507099,1
09-Aug-2024,0.349850204507099,1
10-Aug-2024,0.349850204507099,1
11-Aug-2024,0.00616349887272349,1
12-Aug-2024,-0.0715440342827165,1
13-Aug-2024,-0.0530237487828202,1
14-Aug-2024,0.00512389511257538,1
15-Aug-2024,-0.0645074044877703,1
16-Aug-2024,-0.476767480015098,1
17-Aug-2024,-0.476767480015098,1
18-Aug-2024,-0.562052104582889,1
19-Aug-2024,-0.562052104582889,1
20-Aug-2024,-0.562052104582889,1
21-Aug-2024,-1.06109060898947,1
22-Aug-2024,-1.06109060898947,1
23-Aug-2024,-1.06109060898947,1
24-Aug-2024,-1.06109060898947,1
25-Aug-2024,-0.984578421305372,1
26-Aug-2024,-1.43690877499689,1
27-Aug-2024,-1.42942150699064,1
28-Aug-2024,-1.35058078957616,1
29-Aug-2024,-1.35058078957616,1
30-Aug-2024,-1.49302123779369,1
31-Aug-2024,-1.49302123779369,1
01-Sep-2024,-1.49302123779369,1
02-Sep-2024,-1.52613100079078,1
03-Sep-2024,-1.52613100079078,1
04-Sep-2024,-1.36208955954689,1
05-Sep-2024,-1.54946752362267,1
06-Sep-2024,-1.5421049298167,1
07-Sep-2024,-1.5421049298167,1
08-Sep-2024,-1.49776897000198,1
09-Sep-2024,-1.49776897000198,1
10-Sep-2024,-1.49776897000198,1
11-Sep-2024,-1.80283545230956,1
12-Sep-2024,-1.5684107043936,1
13-Sep-2024,-1.82367744447197,1
14-Sep-2024,-1.82367744447197,1
15-Sep-2024,-1.92011028007391,1
16-Sep-2024,-2.43821093710028,1
17-Sep-2024,-2.41591989426978,1
18-Sep-2024,-2.45274551131423,1
19-Sep-2024,-2.45274551131423,1
20-Sep-2024,-2.29099319980813,1
21-Sep-2024,-2.29099319980813,1
22-Sep-2024,-2.2632324980685,1
23-Sep-2024,-2.62950334512352,1
24-Sep-2024,-2.62950334512352,1
25-Sep-2024,-2.66032536346088,1
26-Sep-2024,-2.66032536346088,1
27-Sep-2024,-2.66032536346088,1
28-Sep-2024,-2.66032536346088,1
29-Sep-2024,-2.49223496411479,1
30-Sep-2024,-2.85807211110259,1
01-Oct-2024,-2.82123404408971,1
02-Oct-2024,-2.85329844000882,1
03-Oct-2024,-2.66930964769337,1
04-Oct-2024,-2.64962366531312,1
05-Oct-2024,-2.64962366531312,1
06-Oct-2024,-2.91178984122875,1
07-Oct-2024,-2.91524304531441,1
08-Oct-2024,-2.9008060652664,1
09-Oct-2024,-2.85655149303853,1
10-Oct-2024,-2.69940356203047,1
11-Oct-2024,-2.66002706832951,1
12-Oct-2024,-2.66002706832951,1
13-Oct-2024,-2.8515075547394,1
14-Oct-2024,-2.8159382058203,1
15-Oct-2024,-2.8159382058203,1
16-Oct-2024,-2.73741640359297,1
17-Oct-2024,-2.70825145930873,1
18-Oct-2024,-2.49135240300316,1
19-Oct-2024,-2.46709337508223,1
20-Oct-2024,-2.39248224202487,1
21-Oct-2024,-2.53997525121066,1
22-Oct-2024,-2.55636253158126,1
23-Oct-2024,-2.42663884331326,1
24-Oct-2024,-2.3523579646765,1
25-Oct-2024,-2.3125131031456,1
26-Oct-2024,-2.3125131031456,1
27-Oct-2024,-2.28100423216545,1
28-Oct-2024,-2.28100423216545,1
29-Oct-2024,-2.21642049137596,1
30-Oct-2024,-2.21642049137596,1
31-Oct-2024,-1.87596764923897,1
01-Nov-2024,-1.87596764923897,1
02-Nov-2024,-1.74287934983614,1
03-Nov-2024,-1.75780803614546,1
04-Nov-2024,-1.64907376206474,1
05-Nov-2024,1.5,1
